CAGR,Sharpe,MaxDD
-0.010843166142428418,0.1047690874756616,-0.7119020175817017
0.009726733443283342,0.1685098704775006,-0.5765193252187795
0.010822684023935825,0.16901620819709437,-0.5523813692724153
-0.10619283464949925,-0.22342230379295436,-0.9130642864447169
0.08171938381413923,0.4401016641384231,-0.5389331331872076
0.14827599988503892,0.6852709762919367,-0.37340024466693367
-0.12298739338208575,-0.37752083099213424,-0.77937079370827
0.061790014296694284,0.36142000834179905,-0.4773615502520091
0.018315880720670252,0.20526216354237425,-0.5855769242529063
-0.03145412270559467,0.015235761550034924,-0.4827330958112388
0.12873543583140346,0.6161090165496018,-0.39763972159650207
-0.044044987553406356,-0.024865548922785887,-0.664733976048304
0.12120694890044614,0.5782815496564931,-0.45308867223086646
0.0400630694043429,0.28142337756555763,-0.4343677705025568
0.03000990276081117,0.24315967337207187,-0.684548801879756
0.08297990112691211,0.4592710871472854,-0.4244027325898606
-0.10959657510992615,-0.2946536661465799,-0.8379828447239595
0.07055020921994526,0.40416909512427523,-0.49373614338967975
0.0649608023411834,0.37306542443857416,-0.6945630967715746
-0.008404633181723686,0.08673194704870728,-0.6038484463400657
0.005503650711319308,0.1658460698940569,-0.521297051657437
0.05232084300738582,0.32556791438822347,-0.5410581236542085
0.01927113659358115,0.21801230266861713,-0.7723076318097264
-0.019439334939410413,0.043682301004877,-0.7015351644706442
-0.0680759285629583,-0.15768330517039444,-0.6360135460948695
0.0909144389174037,0.4866845302488191,-0.3430257202837719
0.07104246604633646,0.40165359097852826,-0.4609228338926067
0.11346164283513516,0.5629047094515353,-0.4044821818633735
0.05201273944858653,0.32640578336759724,-0.5160195202979072
-0.04288471441354036,-0.060384175074543,-0.5414040181106214
0.14649505951109498,0.6969507844905067,-0.3951422787881249
0.07079455557374148,0.39067590341884856,-0.4963667927653569
0.043806852046690326,0.29912090996056845,-0.5926921024733374
-0.040685294904501235,0.015593482839553348,-0.6163142785273432
0.01922964408726613,0.19831396199776247,-0.44240029320120833
-0.049153126215086385,0.008297270401157835,-0.640766045917128
0.1538110500119405,0.7196352966244293,-0.3151021080260322
0.04016356567487023,0.2814962894414671,-0.45424204033439475
-0.011417074851312381,0.0905590102304511,-0.5751922965069076
0.10908352407261357,0.5281740414712642,-0.5156482978153191
0.11497094304680089,0.5571881020399171,-0.39241595324477774
0.032990633234795785,0.2579535703635779,-0.5843128944796274
0.11617193352524158,0.5653442107369083,-0.47890867539247495
-0.03977297415971015,-0.029712689312098646,-0.670840561462253
0.2806105186497474,1.1324938390436854,-0.33653450272043284
0.03274766227663228,0.2544599162047917,-0.48524476351287116
0.10336245783541109,0.5286903382846833,-0.4798459887910065
0.03569117020012791,0.26772526197222196,-0.6626939322951617
0.22434400057993398,0.9452761103381688,-0.330607419625246
0.002167413524984063,0.15296144287338898,-0.591987467725038
-0.008477821095683402,0.1347281071194703,-0.5417402460055276
0.0999646938434764,0.5075265032815913,-0.4439088340470744
0.020599479253885056,0.20456943838807715,-0.3829090617642783
-0.05595337644833187,-0.036136055644056725,-0.8614705197938748
-0.017542260201645732,0.05829198473898429,-0.5071469542880558
0.008778035435805576,0.1648748559356044,-0.555995833331446
-0.035856032379764535,0.009490280369714837,-0.6784311448345597
0.11115570684478393,0.5737240439019302,-0.47003741580363023
-0.024509655835057154,0.03862484181255403,-0.6443822102616943
0.09858683455677242,0.5294094468965316,-0.4803855078865018
-0.048509281109595626,-0.08570423108492528,-0.7406327583041198
-0.006829685042139766,0.11946171847299816,-0.5287668512682895
-0.08074399049598158,-0.1724064098518025,-0.7882110384428103
-0.031697565726141685,-0.011093244571400372,-0.7041237799739768
-0.05782374045598915,-0.09698173227100067,-0.7711262270383488
-0.0229639008542053,0.03066774199285906,-0.6105044192007745
-0.009167260088830176,0.09703522600081747,-0.7593961978242882
0.03833627337776546,0.2765103907369063,-0.4244916085393253
-0.10557628895083582,-0.23032707719648143,-0.834550676758579
0.07623135508866152,0.419585804836459,-0.3822144199582459
0.09788584868421624,0.5056876622114432,-0.3915161268309246
0.15330735431344955,0.7458469990957682,-0.3270030079446653
0.09629372922156598,0.5096609171329759,-0.2906339146847776
0.018564961222560905,0.19696680604340097,-0.6447913503996026
0.06285554649272473,0.3771993606647015,-0.4933296486879407
0.01850483058021357,0.20208438125979364,-0.5823237176979881
-0.06278846380317682,-0.06853767344164585,-0.7360740840683133
0.043007839396155045,0.29496272159461395,-0.6481046153417581
0.022751401381673864,0.21307309577087993,-0.49666523634626614
-0.1158387882673152,-0.3034374995155428,-0.8251419311643555
-0.03528948562433065,-0.028436179935101683,-0.5396996830784362
0.18766321773069183,0.8446925166928121,-0.2562572297729695
0.11029674017818936,0.5387774373036536,-0.48596170896153756
0.06870664995765186,0.3953776705614282,-0.5030823502466251
-0.021804776615830135,0.04087839495919696,-0.5564722686658616
0.058962376139475525,0.3488366844762684,-0.5720354704720922
0.11814615517717075,0.5817572097637312,-0.36960420878880296
0.11988965306939825,0.5855933849905892,-0.38168250605081944
0.0736124808473475,0.4191085600679611,-0.421433991583426
0.1350364831584998,0.663308224019269,-0.5166813165975777
-0.20424632676833343,-0.6817392697190647,-0.8990761433060326
0.10154014827877278,0.5320088786666213,-0.5873280880278893
-0.04659290676906436,-0.06327227884874932,-0.6650340899843266
0.0009385026842074762,0.12537928513038027,-0.5732748118086121
0.017651481814227266,0.21282111558082345,-0.6639626367716643
0.026614163363556154,0.24234562567937296,-0.5169824313204281
0.051985797200474027,0.32651833920716766,-0.46240056871524937
-0.015055632918979045,0.09064935548735861,-0.6531482881566382
0.09939071506362418,0.5044847462214385,-0.3639022456627756
0.027450678513722293,0.23299203235884575,-0.43690805564572976
-0.02637883158508525,0.016284409952914757,-0.7572207024086572
-0.09248510104291796,-0.22204605022640245,-0.7418961920590592
0.1156847372492984,0.5417242100817709,-0.4325298895051697
0.012158228771923518,0.17132108891057202,-0.5009735332761436
-0.13672369651178629,-0.41151686959915884,-0.8439195089845932
0.004144039368569441,0.1443419713218372,-0.6421985485029371
0.057044765867747316,0.34614414869683907,-0.5545359179304824
-0.13339904916309553,-0.3325010538638839,-0.8209286350922488
-0.014857779270435523,0.09888944209270564,-0.7796914025282052
-0.17442498319849886,-0.5447096117684469,-0.8697443238768665
-0.012941387273669003,0.07720703310495736,-0.6330619253284075
-0.0742750207088616,-0.15601981307232546,-0.7682507117702657
0.039933497218438196,0.28493297841579834,-0.4398201650175476
-0.12429880709601226,-0.2538356668589402,-0.8017770845897971
-0.03225301269009384,0.01116590707119984,-0.6776717348612313
0.20826857828125567,0.9319203109996267,-0.3029995938114046
0.1559836247985864,0.6831425471757685,-0.4151611341644944
0.1098047443345358,0.5547206625110136,-0.4581498071990966
0.07359292331835121,0.3932607535040497,-0.6071380160205605
0.05915312653409477,0.352338761505422,-0.6429916801542961
-0.04062269019829101,-0.015945442210259494,-0.6554776531523455
0.08330784195077623,0.4542140256381613,-0.5467915906895213
0.029266384103732834,0.24060454330502487,-0.5504646571266487
-0.00014138136027608272,0.1375929685747959,-0.5423307552417138
0.11351360143188782,0.5404389106515312,-0.4486539000407964
-0.02643134434847949,0.043249232486435474,-0.5536896314120001
0.05091335324049395,0.32231971680724875,-0.5599550877756998
0.09529190503234863,0.481760082529304,-0.4893365404628971
0.06176098766598637,0.36142328971251747,-0.31287350974139194
0.006099928674340616,0.15529106218380292,-0.5925110709030934
0.03305729457529538,0.26055957519783024,-0.5107919434027322
0.05319220946570136,0.3373971311172439,-0.3483685804935779
-0.010175752587989195,0.10673302457555174,-0.6032112141940933
0.26124892863116367,1.0258534788837435,-0.28140482082567175
0.2713441998693682,1.1370794264848214,-0.3016757195554828
-0.11830486728400214,-0.36825102647825136,-0.8182960558192097
0.059389558171342616,0.35073071980265835,-0.6657724271481207
-0.01493636008072663,0.08583765833898242,-0.6222227221427248
0.07739457781282333,0.4399735479745032,-0.4184760511665411
0.20170891317318107,0.8654807743059647,-0.3978439319327216
0.05690664597377504,0.344195600187161,-0.5733551032830287
-0.0507618605292246,-0.019235000282275264,-0.7519696455758301
-0.018447130942149448,0.07859087658481556,-0.6788147150244839
0.08262040812064475,0.4202531705024952,-0.5659262603049443
0.00846547154520838,0.1691498247851221,-0.6312050042112556
0.05678034491327355,0.3474771985522764,-0.4579365239215879
0.1151787646265412,0.5471189769178534,-0.5513559372482094
0.08747982978972568,0.45577926265852653,-0.37272941456714215
0.014536066565047578,0.17915618976947018,-0.5431545031624072
-0.05924506060957535,-0.07468194861961115,-0.6770459222886662
0.22801383691889354,0.967625338323492,-0.3663143109362802
0.028045779927952097,0.24220699997598938,-0.5808168485722203
0.09419763720670349,0.4916287159226507,-0.4879365891556994
-0.013297112017645052,0.10651235231712483,-0.8206534531026222
-0.055655976211402614,-0.07802451381294921,-0.681217166035845
-0.0026865555633808214,0.1391268964795934,-0.6414144463818385
-0.04582389417211008,-0.04690970123539866,-0.6824847313965362
-0.0673092500873862,-0.13850352324450377,-0.7419691419878423
0.219204131358252,0.9002163925340759,-0.3018610948520811
0.25158021345831494,1.1591245784591446,-0.18701764399197163
0.17219917772038196,0.7790404224967907,-0.34385265478044325
0.12768967382668261,0.5960672435095584,-0.4340348188141585
-0.08991906043171927,-0.16726045198074035,-0.7455034853295075
0.10247345903060778,0.5226865654326384,-0.5244232265488014
0.042872262007430884,0.2947134102842658,-0.725764485586552
-0.09608679810288934,-0.20678637298439564,-0.7445929497601654
0.03916517575366618,0.2804502658129601,-0.5034244951093337
5.667053305113967e-05,0.1259053997815037,-0.5507902686653365
-0.00197644530474006,0.13231075758758395,-0.6507280381477002
0.03413249060091772,0.2588621171564975,-0.41723892247064653
0.06745327698190318,0.3839556828545692,-0.41816017781074377
-0.05100266293545219,-0.007387051840844426,-0.7707952900150483
0.10437011859771039,0.5026387555188395,-0.6074118067715465
-0.054281355519170904,-0.0649160480211629,-0.6727406149900419
0.14353096896375872,0.6839968797491235,-0.3372618167122594
-0.18188925976633696,-0.5382409200100324,-0.8882341615864087
0.05855035135382791,0.35066970355213856,-0.49429123570832434
0.08480239099184028,0.4466625575624133,-0.5828989348260583
0.2855007489049197,1.1990214809924569,-0.1970711199347971
-0.0024543014098377114,0.13416415893461947,-0.5726048721365647
-0.1249291183572836,-0.33433047650609204,-0.7841546732305025
0.008018345282787998,0.16471187923618907,-0.6221116331529296
0.05876685028235884,0.34920793153428914,-0.40383103988681346
0.10313925681892777,0.5312482566976644,-0.4419809274596427
-0.07253401711505425,-0.08913787472147634,-0.7890605582150423
0.026518532989665555,0.2301163815702384,-0.5931456873177418
-0.1135234189546056,-0.303697176991894,-0.7313657622660652
-0.06632671930053591,-0.14279359294021002,-0.6090496388516919
0.16071149293273024,0.7340020933493319,-0.32558822218387007
0.0066190136662123145,0.160881155910758,-0.4674400529726458
0.21665761008685602,0.9051578257816019,-0.42756268976048584
0.004691465361522873,0.14994879965512267,-0.7249840367125714
0.10188249194526322,0.5152196254781667,-0.4273600205889291
-0.05089637422710036,-0.06222402552897805,-0.7758481726380153
0.06204837600626778,0.3598648673708925,-0.37743993165536405
0.01628077218801094,0.19631707766934375,-0.5480457977700557
0.07645514055653169,0.4138569896092566,-0.47130965333870867
0.06791255750960801,0.4001564406936679,-0.40226240241057654
-0.09450972615832787,-0.17293277002489826,-0.7765126198789023
0.05084179246377629,0.32881160247221036,-0.5229958012133875
0.02067231015044846,0.22111926979968607,-0.683067822117724
-0.018385212533291173,0.04899466900993979,-0.5402133880957847
0.004363379392741562,0.15644497905185828,-0.5808383354721004
-0.03712849875664004,0.0060189629307076204,-0.7092894503037674
-0.02867983950382269,0.0466602880095186,-0.6731793833818569
0.13985067476255386,0.6267460207377922,-0.43937772063469605
-0.07454738265474414,-0.11697317650666042,-0.8478052423338288
0.06342982770023231,0.3668425497777282,-0.7045781951870123
0.018455090511638295,0.19842230602394745,-0.4794760293838968
0.10102827876431597,0.5069107546621722,-0.43913820602296316
0.263494062649946,1.050977316089961,-0.45074942585081745
0.02904799367248856,0.2405003711165098,-0.5994199203209155
-0.04322764286205849,-0.048995402857922456,-0.6867695779372638
-0.08434315785993884,-0.1805013790394457,-0.641782427718995
0.04151762912961776,0.29037932875363953,-0.6039254926924863
-0.07575887161675765,-0.1406366480777595,-0.7355653790928636
0.05508798207789867,0.3369105298484757,-0.6425400448495973
0.10594698001485514,0.5183340282483707,-0.4091057201075726
-0.1580188909923218,-0.46409880124825514,-0.8570218946419661
-0.14710853020795223,-0.43793908423673006,-0.8781559987549644
0.09759109296855284,0.5024633523064883,-0.4321615978811778
0.08042841933018519,0.4261736333377038,-0.39855415300408314
0.028384071646067044,0.24235150628090799,-0.507803845976115
0.07226000179392855,0.39430239689841734,-0.5406873558605163
0.03545932600378743,0.26696204260347267,-0.7171923579185815
-0.0669412675037484,-0.13875139773609532,-0.6928839340428077
0.017626762313360578,0.20072646519544549,-0.5863070822199152
0.19060028885301805,0.7995307607680103,-0.4204058246863769
0.058954261485909765,0.3488281298697,-0.5252337159331456
-0.1231932703020312,-0.2986170764973007,-0.8250967309916483
0.05433776259621892,0.3361716162686753,-0.5365499423919411
0.044472886650171795,0.29968594872135396,-0.4067753882676508
-0.03436545610300368,0.006643589324810812,-0.6762520278408917
-0.05689305036503467,-0.08370129721730211,-0.7109062008693888
-0.03511667091352533,0.008836402523706138,-0.6524460237041465
0.09356168162592593,0.493505863367696,-0.3751127713961816
-0.009135927958292323,0.10657893482684211,-0.6353617764442541
0.05265584701607007,0.3268436795258268,-0.5426479341943251
0.028202444484255906,0.23984956111923458,-0.5805933183324892
0.021043845505983594,0.21860881319887737,-0.47734369209086125
-0.004947948100955335,0.12416643647136445,-0.5808987110817783
0.061005242264906556,0.3712745396981055,-0.608051238737117
0.1827353945980552,0.7471654705778108,-0.44515817205768626
0.14049201031926462,0.6172821539402941,-0.5656444588327896
-0.051474060082090545,-0.03269603197841254,-0.618012782931609
0.0825452889024274,0.4345114623547977,-0.49660410366193386
0.027686849405695435,0.2340103779374074,-0.43063755833473294
0.08004003129756798,0.44827263252448935,-0.46070304024932385
-0.06899166200568962,-0.08015974092118659,-0.8662534963919049
-0.08858498818275551,-0.1803095532972924,-0.7066726452285246
-0.05749441439693026,-0.07551789042890603,-0.6836478265874568
0.09237268329341086,0.4785058632454854,-0.44924717186133456
0.042079451074241714,0.29232630819524635,-0.5314573720796714
0.012884960347882668,0.18643665072638768,-0.5542091226108921
-0.07171775955819659,-0.07303866917415637,-0.8804026082846697
0.053449653450879264,0.3402327501949078,-0.36976497574065315
0.019856539194612388,0.21034688228476495,-0.5112995859569358
0.0021089968411927007,0.15066455922212169,-0.6556825957823105
0.10889474480944017,0.5452495897713773,-0.37364428742814226
0.11735522593179026,0.58803810709701,-0.5117686933200809
-0.049109359264231656,-0.03901236876902683,-0.7883143984172473
-0.0984261435660092,-0.2664649707515326,-0.699887607994262
0.05164720731907191,0.32823454874005076,-0.47387255056142197
-0.03649563211070583,-0.015524559564640656,-0.6317396032869724
0.07450931610348066,0.4081827074468251,-0.5941508240830748
0.0189873943570098,0.2064861474557455,-0.4410223411494313
0.0646860933712492,0.37495130919895475,-0.5612050019464807
-0.021791242878274386,0.039438040058241336,-0.6238066034260381
-0.0126969105125605,0.08257269665241586,-0.6736165661631213
0.03633435489107062,0.2720663602308587,-0.6092774416688878
0.10792924312467367,0.5355451610884788,-0.5475307900765619
0.18366423026212964,0.7795650519621469,-0.36306431116288673
-0.025802093847566376,0.06864003191101799,-0.5965324103988446
0.20483676111263338,0.8994183570347626,-0.3505532668397354
0.13444344237832073,0.6314189605627529,-0.3155927200774459
-0.006715566558714081,0.10102042701397058,-0.5529456114643787
-0.04739313555166624,-0.004000337232941264,-0.7144061675912209
0.02159742671270437,0.2111645183671014,-0.4887824142474928
-0.01946907788843122,0.08351163156556539,-0.5559795816954543
0.10599305957484795,0.5158919484142593,-0.6406680397504302
0.1107312283830455,0.5570104557563197,-0.497850730102819
0.01900649171010027,0.20207892938919886,-0.4400307577326643
-0.0021234793657293194,0.12292870412361244,-0.6300798497759674
-0.03513899499072659,0.014256891180145672,-0.676698640367122
-0.05765710840506033,-0.07572300005225985,-0.805958477137228
-0.04798046237788944,-0.04820361177388855,-0.7110977695204361
0.044337691541417534,0.3014692284770216,-0.4590179743051067
-0.08020854095356533,-0.11509188971391326,-0.8678700648387977
0.002105597092195044,0.14556767313662347,-0.635186859402349
-0.0374222609396101,-0.030427759073936037,-0.5260389444084919
0.14165095409578332,0.6589292020872213,-0.382066926306751
-0.027529068496395692,0.048015628312958136,-0.7278818261504383
0.02925601831525282,0.24834544933167946,-0.710976949295653
0.03450333311346565,0.2609353697089997,-0.4987906566525995
0.10041017461334745,0.522499075817698,-0.4608235961564213
-0.05323889066631382,-0.06668746270060454,-0.7661760949156637
0.10707315459475741,0.5409348842184774,-0.5024849306951211
0.0567154981991147,0.34115535429349875,-0.5866747163783591
0.022010319106067433,0.2149744734976228,-0.6631315445246904
0.06143878475907516,0.3704058966151839,-0.5192007221832584
0.17485977744970005,0.7888351966645517,-0.45394725721320295
0.07020178389811593,0.385714590853138,-0.8009346107570008
0.07945974281225943,0.416220624910018,-0.5410315335924804
0.014291418283122415,0.19607415666572056,-0.6485455361890036
-0.02777668253737009,0.06175590311657423,-0.6342132244078751
-0.000845793583471699,0.13210879832412584,-0.6597446087097487
0.05661676381721903,0.3427372502093654,-0.6615634194166895
0.08515722871746068,0.4392422195218694,-0.572033001341856
0.15845190331620218,0.7185446527286528,-0.392154084978277
0.26219401791669616,1.0385904965464134,-0.2534650681316105
0.1468423006172861,0.6439369133111476,-0.5686488513027903
-0.03936526268379337,-0.010669338651901816,-0.5378772506634546
-0.17022152182375982,-0.4380851935225483,-0.8968995846887908
-0.03388956924149389,-0.00846996815463768,-0.727562349973921
-0.0033139119189478095,0.12877675833913058,-0.5867874881430009
0.057574581646945955,0.3490875912578948,-0.4727739782477661
0.027373254287801796,0.24161124151975177,-0.7767123568481117
0.04048923494926426,0.28623389937336624,-0.4688121632321832
0.04471627872768935,0.30213216743332794,-0.3996685308252961
0.055620325317157215,0.3417939904341022,-0.5327502472199932
0.07509677356981759,0.4087268925120563,-0.4602326434441152
-0.08660631956541287,-0.17464029222004857,-0.7649439073981665
0.07177691304008627,0.40079420286001693,-0.3971528595432916
0.05197570726214318,0.322921355351532,-0.45302728140880666
0.12333322369322008,0.6114779777830511,-0.387430348059304
0.16923328040353725,0.7835196096840364,-0.2973267389356905
0.0855729682256321,0.44968268329749694,-0.4059169574484842
0.08297453624537732,0.4507974774673463,-0.4914909751307973
0.017151638353072984,0.1886158114024625,-0.4785262656042579
0.017680612932480466,0.1997535412585073,-0.6073340324110152
-0.07086094811674337,-0.15687590606915475,-0.7940932258399223
0.17034368606818062,0.8014880801920167,-0.42681046342166706
0.15534832745750982,0.6818369253254761,-0.539541107519307
-0.034158811144516354,-0.015924927391632628,-0.6066263878806744
-0.07276312634487092,-0.1755951879524571,-0.7487027902726814
-0.06860032315820208,-0.16898726578701684,-0.7024548285765827
0.07190790694519489,0.40657404532531716,-0.41474932813003784
0.126749919384616,0.6058477701240068,-0.38203547709743113
0.010946609251743622,0.18031886371068498,-0.5079846665889325
0.033688679368276464,0.25804249014213626,-0.6427919338315241
0.13888324680643271,0.6264694939878246,-0.5621757575485107
0.01966995667620819,0.206067360043079,-0.5592053181965224
0.14940812050981878,0.635786483002257,-0.5232509889088524
0.056157343997081055,0.34086140626632566,-0.5851336824168003
0.0769355468457924,0.42103019866189184,-0.4692088503794668
-0.009761341895684006,0.1320648883096297,-0.678840001586695
0.004937763757682179,0.14856214722015063,-0.5457371983662045
0.024479810826398385,0.22614595224289938,-0.6038813087831272
-0.08746803009355819,-0.17334808271218005,-0.7254614162100934
0.014598207750356806,0.1834071884203463,-0.45639494712102646
-0.049615755833605335,-0.03287460683695075,-0.7475269590369356
0.021785458306562644,0.2172566375484104,-0.7084191995286154
0.07910517050674581,0.4352411357173696,-0.4948445746034358
0.12360330547476517,0.5551996288372967,-0.5125600933821564
-0.0415799612312876,-0.012704657235189277,-0.7268339178719474
0.0657368010736028,0.3784853773231352,-0.4575150344461417
0.13451145504914397,0.6432921385389292,-0.3747561371067596
0.06441428170300179,0.3684782365226973,-0.48840431714345545
0.10932980047075525,0.5169056678320574,-0.5447483900490986
0.05587590276338661,0.3370521707406554,-0.5702362464444717
0.09019754335893926,0.4694591540506945,-0.4162862540761165
0.06900786664110115,0.3958251501176214,-0.4444520017440513
-0.02245145557201189,0.07077174229600282,-0.5650158569943209
0.00837929046642083,0.16390118462946715,-0.6711335889000815
0.08124287706775402,0.4271155877289234,-0.46030861553747304
0.03763536667292189,0.2751781701686526,-0.4118396296160268
0.03782976080852496,0.2730754027852495,-0.6862632939465629
0.0027586547952644924,0.15248648541445814,-0.631270502639316
-0.027426274250684335,0.03572480582407419,-0.45695343196543836
0.029261685385078895,0.24092474805365943,-0.47577812238054484
0.04168400245064641,0.28983891504949144,-0.4996287477664725
0.08309232328167449,0.4513054126925807,-0.3217062179045753
0.12978673908403882,0.616500274528934,-0.5696903022512516
-0.12425235620160802,-0.3646822770053132,-0.7807787584051074
0.11872739399925036,0.5600194385419033,-0.6787205441398381
0.02317443996886448,0.22556206756144148,-0.7305786728287018
0.11310906366453488,0.5597000887868976,-0.49831022575142137
-0.019331223580605794,0.06261858777630104,-0.6225256289731864
0.016484680859202072,0.19514889614540307,-0.7297792020989085
0.003277812394394397,0.15077539196847964,-0.5021950501785303
0.044194573027581674,0.2985155892637526,-0.5747175497892616
-0.12153956912798691,-0.3305129185201573,-0.7789992930550189
0.06048193415126435,0.3607863953383754,-0.5445101348554215
0.07843416208114928,0.42461960181839997,-0.6348432049948631
0.2121807935367621,0.8931857143362549,-0.4658314396517246
-0.011054454184576401,0.07887506577778405,-0.5544883187243286
0.07455978290845722,0.410173069301374,-0.6205885941075209
0.0413514003917963,0.28881209776833017,-0.5323534292852214
0.12424231878562342,0.6080820348441816,-0.604394771845431
0.07365108926304398,0.4020279804875259,-0.49676598997002774
0.08469370209683036,0.4536856499675672,-0.3512246706063724
-0.12137906228694895,-0.3557703484076998,-0.7860452213571804
-0.020231534492048286,0.024777757925831444,-0.6323601159163967
0.04178235266161501,0.28966160826296666,-0.6201515044867033
0.009635022643424973,0.16861754880981514,-0.5910094024949013
0.08612447912468557,0.46303525168861964,-0.3785107224610985
-0.0003923821662571436,0.12848151660930637,-0.48277549723971114
-0.07440207712410907,-0.10042736004000331,-0.8184090078916646
0.07319786791801053,0.4109512076520249,-0.3548327080630985
0.19942730741336945,0.8122075030138755,-0.5185177967931782
0.11720525500240075,0.5671436283973971,-0.44381542561843557
0.1751902051049603,0.8326066345514578,-0.30691400960356185
0.013436268483114855,0.17918287540886302,-0.5515231973139237
0.048761132901598225,0.31925316329417897,-0.4470118200039578
0.13495165265296505,0.6534828009340887,-0.37892288957789877
0.00535295883044018,0.1478699007732318,-0.5139110004174433
0.06390042501041204,0.36837431593570275,-0.6131764139456313
-0.07255231302858411,-0.1105747614236224,-0.7814319652525477
0.1759614777276115,0.7791314685807487,-0.3677632887142622
0.15666440691154948,0.677446600346874,-0.37000877854809133
-0.008867556902284468,0.08494025080902626,-0.4223892756347518
0.11453565538412969,0.5777673211106191,-0.37621633813287747
0.05501567158162102,0.3377850559059984,-0.6572521390962037
-0.09604837464002025,-0.19838950700773447,-0.7211981737030649
0.03379508355024807,0.2635037917840987,-0.6160987817054394
0.05204846664531093,0.3285944667641936,-0.468758457450389
0.008410148672977291,0.15594263919489243,-0.49791036844250824
-0.05528473064054218,-0.060365480545574834,-0.8143935819313993
-0.048775083046830536,-0.05109422006134688,-0.7146130445172968
0.07339363589235393,0.4107057567181192,-0.46084427444225406
0.08201714010386785,0.4499926745763273,-0.589828317300631
-0.05331763113452048,-0.05130063774133465,-0.6246255254872133
-0.046945493039614705,-0.028347147169847063,-0.7161328829829332
0.10638887866982505,0.5263980037730538,-0.3937541684050857
0.11490538037742648,0.5541326837932492,-0.5557266641109697
0.17860239714068737,0.8117185258071022,-0.37535340250028326
0.022800330023002413,0.2213320512222184,-0.502359125063678
0.3316912021380751,1.2644326885153438,-0.4682169105822416
-0.0701543969109405,-0.09641361851069681,-0.8143035223950502
-0.03346195122219231,-0.0018465137116073398,-0.7374103173244293
-0.04883804814497428,-0.05171287546421846,-0.5309904938772155
0.02138259525926145,0.21350217479510608,-0.528349731294226
0.10492496629744119,0.5223061003507768,-0.38356335460189495
-6.9943365590408035e-06,0.1266949883622133,-0.5681504264810657
0.007952969969915014,0.16145090611387233,-0.4928818978153421
0.011309659643793823,0.17759991168923087,-0.6119616956526155
-0.0175218337986055,0.06664256208200171,-0.5862651442746695
0.06966833151371388,0.3900904865203028,-0.5378912661801911
0.14560584372753915,0.682195352395222,-0.3873440826588175
0.07461243568799314,0.41715545944127064,-0.47836946872743025
0.09128621264952108,0.4702211500705874,-0.5993190029569193
-0.09593614577394916,-0.24646650707339998,-0.7379357426072143
0.050404004932471436,0.32150407492457317,-0.4248994869543975
-0.04317764899898335,-0.05802200610675012,-0.5785259532038414
0.12215328342334408,0.5878728837752493,-0.4593263518106049
0.020837187103931454,0.2092325842264475,-0.5980601295035646
-0.1337963447674092,-0.2844559620214423,-0.9184284624196608
0.0686842513429804,0.39219447497290416,-0.5051769004034805
-0.02013461996558874,0.06782301979781324,-0.5565209140991325
0.045216637001807,0.3045709314667283,-0.5374938307322347
-0.07725812932690812,-0.16738037426971308,-0.7346199279601009
-0.054808870973984125,-0.0377372940681741,-0.7665781955728199
0.10372242993908642,0.5333537792703099,-0.6156108109696854
0.027504737361926823,0.24008381602423068,-0.6439305267528701
-0.0756505266860319,-0.15911079837263534,-0.8124057774309763
0.05608662610611925,0.3409008004592275,-0.4812396028229565
-0.00950870717812935,0.0849540199085016,-0.5462550765303533
-0.027654529460934607,0.03010645826845859,-0.7156805061118534
0.11403086180400823,0.5539833775583569,-0.45122214975904196
-0.08177336286841186,-0.23202777489122262,-0.7057544697413005
0.036769940730616346,0.2715956698205705,-0.47408820682456065
-0.019844681752549165,0.06990065461040915,-0.7411183693453347
0.06278498152976053,0.3629880011061333,-0.4774702186735119
0.14436639195684764,0.6826297788899641,-0.3160689537048126
0.06538991883854228,0.3808246188932885,-0.6199511698813596
0.07791778283816497,0.43154268852278227,-0.4200873467140137
-0.006585858788547894,0.10601911222245049,-0.5042122937576026
-0.16529697980615254,-0.5936929816671046,-0.8746168572317592
-0.0382503717075221,-0.01359614781238241,-0.6925267993559694
0.17245850275521568,0.8062450779673315,-0.4196103477516432
0.1374737446730654,0.5890466429401457,-0.5452338589601813
0.1478532418512497,0.6972692745609717,-0.38197314768070945
0.10547279055883885,0.5116529430646531,-0.6068909566634186
-0.03718375576764277,-0.025140319328835266,-0.46626201527055067
0.061365766131755706,0.3723974886864735,-0.5088089928569939
0.07305050299240867,0.410658019081446,-0.5038438869910222
-0.0032495121637889923,0.13091723572589226,-0.5913082516345367
-0.001592827976234501,0.11792207709372779,-0.7009390786225054
-0.004715232065180652,0.09983523852133681,-0.5333275311025134
0.007336758451390146,0.1832361228172032,-0.5307000008650395
0.127929874607154,0.6104557828621289,-0.4367263174444861
0.12764830591893173,0.6011958321447795,-0.3783352478802703
0.11086476372409271,0.5516871424730077,-0.4506130753893115
0.08894312798561743,0.4645403341830416,-0.3722415835499733
-0.00976662017031038,0.10281974298465589,-0.6397716868189389
0.25116177492546865,1.0363461960320124,-0.34024522210677044
0.08119579902238705,0.42852797750066013,-0.4352258666683675
0.1897460981692194,0.766335140092303,-0.6250239469503553
-0.033808511060561375,0.012669958713067423,-0.64303672516776
0.23592076342129165,0.9962338201631834,-0.43057308459487253
-0.01480061702646851,0.08650617437862952,-0.6197848081885056
-0.050047866878469405,-0.051376707017852866,-0.6627688370505533
-0.09542760582242149,-0.2496547518130366,-0.7455459526163686
-0.0021002311893018044,0.1293622621445684,-0.6161796620284365
-0.04452010674017759,0.05034227384242398,-0.7277674418547957
0.027384021936930125,0.23282081601572413,-0.6370485192189843
0.04604403024907611,0.30724476056119626,-0.3908063921325816
0.1472642872079788,0.67716154792891,-0.49000559819356093
0.040236288464775116,0.2852030471916039,-0.41277239388895526
0.040819306493323104,0.2865402702625354,-0.5228626295362728
0.0618182699757881,0.3656821335593249,-0.4452127865201323
0.12629225672015965,0.5782467510390047,-0.4006100716752877
0.10252196194624386,0.502796832275568,-0.5500692446751065
0.09584041694078138,0.47416659249242205,-0.4559122992173471
-0.12342034264454393,-0.2366387445225483,-0.8681969261540298
0.08761906177450118,0.45225431756893675,-0.5779800489098762
-0.05492987671193539,-0.08082286533572679,-0.7979659434955468
0.042831687424270015,0.2923187479601484,-0.44305358401576556
0.0971411626611689,0.48524973898578744,-0.5628257415243774
0.07940183702453485,0.4206254164274161,-0.5777678612850108
0.005501415465398063,0.16513604761265427,-0.5831734546534294
0.1399896202267854,0.6267272405418289,-0.3550796138521699
0.17656406035309424,0.8277896271622626,-0.3194598056315979
0.06255860935304325,0.3638870983285791,-0.41722495390853354
-0.07185939619829973,-0.13600432606431814,-0.7808093051903672
-0.030348896782148138,0.02655703380315956,-0.5984279405795379
0.008615538438687453,0.17607680911376444,-0.48988249949601337
-0.008571183694548568,0.11607853217204812,-0.6319577807119309
-0.037901354520974984,0.017737215563022216,-0.6116472244055632
0.23229407574264527,0.9525948146170279,-0.35009342641638197
0.007994959605462926,0.17362830249229574,-0.6563851173980271
0.17492780744947245,0.7782509682609258,-0.30683373431397476
-0.12494215007197373,-0.40063129904305544,-0.8195051249679508
0.007804862201537199,0.17239933922662365,-0.7091203418153715
-0.10275562162591267,-0.17135046356629097,-0.8423430393317133
0.01313780682995147,0.17210317679873724,-0.5845460942510836
-0.1433387133831654,-0.3419724312074528,-0.864514380783752
0.16922248390250583,0.7141732679192359,-0.39283062546082537
0.06977588837338455,0.3911859783857422,-0.653288217164353
0.03479755991991529,0.2648135579216027,-0.60511466690671
0.05867633851159493,0.3484988289744096,-0.4818670047045397
0.0010058818085905141,0.13860949196451544,-0.5385248232718465
0.08908515588379107,0.47382444305762944,-0.47332848648471026
-0.03214064414980966,0.01023261714259614,-0.6641262076879015
-0.07503495514785918,-0.19983249465089298,-0.5880221847670679
-0.01561257164086749,0.0851166449063979,-0.5047476632009205
0.09933003391425199,0.4859361208652971,-0.36524536668948115
0.210757280127708,0.8662679036201588,-0.38135780389259544
0.03520720271000344,0.26680287680479015,-0.5420764190948777
0.11897876298066423,0.5864506868881568,-0.36860546406288164
0.02414223757278,0.24097334972403436,-0.5692809876955925
-0.06766200206384376,-0.12892780518821625,-0.6449624866782158
0.02600317370930849,0.2268997554319548,-0.5212400103634052
0.039805773445354964,0.28255936821244054,-0.491662326667349
0.02218455771944372,0.21509762434320254,-0.5801561062173729
0.028314009794737638,0.24619232608713654,-0.609407705669989
-0.07025484829382267,-0.13054799614346463,-0.7487186751571641
0.07074397804892785,0.38966608496290295,-0.5295773327992659
0.06654401101352514,0.3779375307577119,-0.534275008401468
0.09518964527050522,0.4789758590411099,-0.49993602851465324
-0.10923909235845786,-0.2183247123646965,-0.9064393155022419
-0.09158439361464876,-0.21900962571778598,-0.8383817440334681
-0.06612685721874179,-0.1275583335156525,-0.6987073864397364
0.026483278712067015,0.23347864005989818,-0.41371432931432306
-0.08535324519376286,-0.16820614727700264,-0.8410175112077071
0.006004135481076034,0.1567013140828681,-0.5073218235485926
-0.037929386618350436,0.012714181939805305,-0.6716138723405158
-0.09106651123725662,-0.19930796893850597,-0.8247647730711757
0.07574862993388165,0.4078408391779076,-0.6441836981831428
0.04770317545407621,0.31170330469428875,-0.6752860748679986
0.04866537114648328,0.3147332280192144,-0.5339050610149525
0.05368210527222872,0.33304776971800126,-0.5281154965224484
0.11789826514828916,0.5540029975131324,-0.4604443987184922
-0.04787716192843672,-0.058458592250395215,-0.6758401152678823
0.08909731892589168,0.45175047273045144,-0.5499461787606834
-0.1443538461965289,-0.41444552334753865,-0.8137491726930557
-0.09193076138459333,-0.215009668250076,-0.7503233660106893
0.03598938954531805,0.26864156625946856,-0.5395708783604152
-0.11055215854002498,-0.2632275723337756,-0.7911274970730253
-0.13435338862466495,-0.3766256778336281,-0.8502419542214705
-0.064980163356401,-0.10313186950964932,-0.7665619826232802
-0.03690184529976326,-0.005504038659276989,-0.66448821589263
-0.00990197351678479,0.08208233532674167,-0.5783221289967562
0.06897342487828628,0.3885271464322382,-0.48261750737680176
-0.04050941194946811,-0.029160330669076275,-0.5917355728690892
0.013895609966016353,0.17626990053875483,-0.5240036173394306
0.07091796062376021,0.3945094291416586,-0.46496942303646105
0.1444265518771628,0.6484112948440443,-0.38847564319493133
0.10620788976626172,0.5194567013410071,-0.6362190926296852
0.20984124820963945,0.8587046009887058,-0.39696813971003
-0.04614178041358519,-0.005490179445924573,-0.7166463554659364
-0.007230865907822626,0.08880585975542725,-0.7104663127150637
-0.1493452959793995,-0.47315368719259787,-0.8369467912986592
-0.05724533561809175,-0.08122357472900135,-0.6189002582428802
0.13438703778361694,0.6338446213245149,-0.36440809072178526
-0.05515076393619689,-0.07285408038556129,-0.8115954287156486
-0.07235104044103824,-0.10936337087185939,-0.5987946282919918
0.04513306639031445,0.3030070424124317,-0.4474609471616282
0.006155914708288801,0.16704523793350695,-0.6576145864295091
0.04227308780285344,0.2926584198673594,-0.38230421820901916
-0.044840511688506335,-0.013930185107810208,-0.6383223676586045
-0.021951878928789248,0.04833775531895027,-0.4735983783719513
0.02646895567516716,0.233310617801184,-0.623886743106467
-0.0196288952404281,0.08267512356042571,-0.6930387348984601
-0.03650609263793503,-0.0004230906203712642,-0.7190941453934174
-0.04056603451848273,-0.0058159510887189365,-0.7174280654191245
-0.1512629229014446,-0.4144989949300445,-0.8261082601846247
0.050211529109912334,0.3227049632299943,-0.619012939982581
-0.02303296839230984,0.05279976440303351,-0.5981919658682291
-0.018337597981005094,0.05532906709677144,-0.6492539020128157
0.2574916467447612,1.0412630528476106,-0.49315790558310824
0.07832859802775993,0.4266898563788141,-0.5879557344891205
-0.06643738033629953,-0.09087614530481813,-0.7442920377255037
0.0016055761606872387,0.14955605512044878,-0.5941486503446726
0.0006136935425817835,0.13645060419417507,-0.5721502286346045
0.023978409915962118,0.22045814201902414,-0.35708231365108345
0.0031771406214946563,0.14429615307647747,-0.7637949952887506
0.08545356067080001,0.43780117842515526,-0.5315615638370432
0.01816458697847212,0.20015895070022033,-0.5634541325895541
0.12678925353733295,0.6191448576491639,-0.47670346954565046
-0.24576269515186444,-0.6763212134404132,-0.9589874810530162
0.009400829295224344,0.16381779772027816,-0.49740834466555817
0.07490145685916749,0.4116139662698411,-0.41731295764508436
0.12421440768600567,0.612027772078626,-0.5111955414910436
-0.01336433637849821,0.06986088935921618,-0.5879594293396213
-0.041013054091729284,-0.033948854048711084,-0.5364724145310193
-0.00538145706544324,0.100330207646707,-0.6656503055709424
0.04453267874755218,0.29769188047178285,-0.4374090590972157
0.12657205911538916,0.6143763869431991,-0.5792733531328488
-0.018179194959474065,0.06499633192673744,-0.674017383742176
0.08336403653920588,0.4346934907541262,-0.5281308103907947
0.07626228903043675,0.41703358551446834,-0.4797097056924797
0.12571808793063743,0.616662257096095,-0.5244361667870399
0.09745887170559797,0.4835108505614179,-0.3899401542238349
-0.014563280860578787,0.07716840184542859,-0.6869447010738546
0.025586902867340777,0.22647694370769167,-0.4975030533036945
0.011295116220428225,0.16755340676535496,-0.5436213119157516
0.0777067446248727,0.4109979974788523,-0.6425833711932996
0.05221973562798432,0.33708692144411184,-0.47114628434180283
-0.1478283773310104,-0.4079354706412032,-0.8395917723767597
-0.04714095194475498,-0.02789420022847944,-0.6841978240192202
0.03670602708485138,0.26938653420947173,-0.6620787328412272
0.10122030633735868,0.5246894216746874,-0.40455886923100415
0.17567668129155445,0.75797964361739,-0.4681869653440234
0.017155357929475867,0.19145374270611515,-0.46296525619403583
0.1069934394966432,0.514166851901735,-0.5121125284888919
0.0702272697023354,0.3952084673364489,-0.4627646104793567
-0.03316520214641894,0.026728531786739045,-0.8243386603981795
0.0437217874513538,0.29799742133359103,-0.6305716783814654
0.011732494031482243,0.16955502687301782,-0.5342002422061423
0.052733852810655124,0.33329328330019764,-0.4853902686259005
-0.006834432306053184,0.12943625524104216,-0.6142437918328387
-0.03169265410768651,0.03436645128185059,-0.7908273831202483
-0.008640731466765805,0.09348080083479363,-0.37820000544488663
0.10034110595081502,0.49359038745239836,-0.5762685449495126
0.0795378919166092,0.4201779818035109,-0.5929842565878863
0.009921930328273376,0.18068743620069985,-0.5314378842201393
-0.05049240865688498,-0.038581298092620835,-0.6611502949188872
0.08972772348878277,0.4646323881800296,-0.5827529979997279
-0.07754304215656183,-0.1728353762446333,-0.7040656638093297
-0.005081381625070325,0.11523330840849504,-0.7226328101743367
-0.01597187483646134,0.08858588586133391,-0.7496781102032927
0.1953682478999479,0.8190656957552364,-0.45388568064978563
0.03895568220680712,0.27842451652088707,-0.5346000870990245
0.11543855790274793,0.5473293749386321,-0.4638265544965121
-0.014525221962263912,0.07818593473882582,-0.6906741529350038
0.1137325967539553,0.5570204434767063,-0.4017226833826024
0.10436414026868968,0.5020875336188093,-0.5436462920408205
0.06492151132829838,0.37070433865723346,-0.6172897748545292
-0.002716316942687147,0.11942402491271065,-0.5949065382985784
-0.022564809109662742,0.07197873474956873,-0.5820892090438621
0.163024403279858,0.7444419898346121,-0.38436816786962635
-0.08469188940579142,-0.16785369811675888,-0.7437028761973974
0.1936119447743283,0.8182604359164566,-0.42910684629762486
0.06820376396363126,0.3814538477276369,-0.5601257686075697
-0.04472214267636854,-0.021814808775924302,-0.6649838325412699
0.07032695952949819,0.3904282401777898,-0.5044773393845181
0.01333873987222356,0.17705510559372403,-0.5662836707086822
0.19718274397679614,0.873671736732957,-0.4344338259681252
-0.13456450479888837,-0.35077023128560086,-0.8255890412598168
-0.0014448136891775931,0.11929143417966818,-0.49760166658864946
-0.016606481325165512,0.07117223722652362,-0.7165049909946887
-0.09107728190070186,-0.22517580545735452,-0.6813841726810173
-0.1614921798285327,-0.39652723674886564,-0.9131506095840869
0.1230890141897294,0.557633164308792,-0.5605048472789499
0.037738689701658945,0.27496331629123016,-0.4861105484768782
0.10843088527767364,0.5289623010913649,-0.43632216390592027
-0.05808115303890371,-0.12863870480073936,-0.6993073010786728
0.026833978291945115,0.231890264612441,-0.7685174374381053
-0.02543674892859904,0.08252438559977142,-0.686890930675365
0.2052661681582868,0.8719861258534146,-0.42570614339295776
0.21994287224967013,0.9346871762977442,-0.31054605599915497
-0.053177626140685774,-0.08913428402461598,-0.6267434647011736
-0.07261691316208585,-0.09828843756129708,-0.8379365746547384
-0.058572112665247866,-0.04734227758176068,-0.6898946798467014
-0.02006797633957369,0.05405282458196686,-0.4552578156120779
-0.037950096877470085,0.017079358847094796,-0.7233461417882461
0.03750370599483244,0.2772279474400401,-0.5629195127552838
0.17410728749670246,0.7802760676713245,-0.4252651937299151
0.1349878032448435,0.6425861657183145,-0.44494991228649194
0.21646885025352702,0.919716027468005,-0.3982483282419754
-0.0884471845963335,-0.2392498888178126,-0.6862298938006008
0.13165112168040038,0.6275319112832632,-0.3372823981764549
0.034007616208849845,0.2589452575138314,-0.4917557290670417
-0.011261645790624941,0.07464723487801087,-0.5380865363782397
0.046269987762903586,0.3064471289378852,-0.5309840868360673
0.08546733023207076,0.46152618939505263,-0.5437565364115996
0.06011551877992649,0.3656749796186858,-0.4342090129214693
0.056068544425554645,0.34106920576038946,-0.5428603518227462
-0.020076992830835416,0.05860716487535951,-0.5165454582972591
0.07799090824781629,0.42471234761139925,-0.5159556245491065
0.01723318432997689,0.20002589031849347,-0.6316050910589437
-0.13568612936700364,-0.34898243784497324,-0.818857247690195
0.04099413610213287,0.28688603704336246,-0.5574074659202797
0.13099348328142524,0.622512656124725,-0.40106382518869677
0.1180060505868894,0.5550794195693086,-0.4127389847085574
0.2812155370082581,1.1100438325792645,-0.3090297363605138
0.11727036265396507,0.5383086218838883,-0.5591803291909156
-0.09435376592971068,-0.26164025443038147,-0.6923182825222807
-0.008381582342313898,0.10438460674605671,-0.5213148321024799
0.009313425002787312,0.17831904960855463,-0.7108895914144535
0.008871879395139892,0.18457912953100936,-0.6276158776822465
-0.001706024464103062,0.12281333412443901,-0.6451945062759461
0.06668613694269632,0.3818630672721873,-0.46559648171824475
0.009650879155538306,0.1808130355767401,-0.5102049922125993
0.05939807345374026,0.3539298748753257,-0.5498363332835681
0.17346485064097128,0.7790630610327774,-0.4814157456018586
0.057153180065305564,0.3474712944443596,-0.7190636949475009
-0.08569581215830824,-0.15184020512810006,-0.7481409608522629
-0.032695632027182286,0.03838376639508423,-0.6591360745191306
-0.006705675846350068,0.0907496285557351,-0.5462935756050766
-0.006590117634770909,0.11431367104229638,-0.6834115488820742
0.23520271281078542,1.0320932559970157,-0.4014453905543338
0.2623183485195173,1.0953657856872288,-0.25554571782347224
0.0007461775925585723,0.13451781693157025,-0.6556395260211558
0.20537741097655982,0.8352016463779475,-0.6279442640806132
-0.04734434141518151,-0.07613458225443616,-0.7276160297501085
-0.0666800432787622,-0.07950922019762507,-0.7041017570416479
0.09815373946790618,0.4890630805063939,-0.558037833913513
-0.02438160346061702,0.03846318530197434,-0.6491791734357617
0.1601152191129107,0.6737973772410749,-0.4989925528144449
0.002582999737523295,0.13131599472038374,-0.3978239054743822
-0.03946127461108284,-0.022186812216558178,-0.6253001190313163
0.009661000369632688,0.16340894426731792,-0.5727608978776801
0.05579831956258441,0.34090799037427616,-0.4570820160266592
0.1226464111283816,0.5631157607914276,-0.5300101679965318
0.06759403376809647,0.3811879421378046,-0.7285272509578462
-0.07264251747663575,-0.1411169198284905,-0.7006858950756791
-0.029534039328623418,0.0018464294335803835,-0.5837799131976539
-0.024533599436120213,0.027928959608612903,-0.6545669996861303
-0.06968676368038607,-0.11527040453997056,-0.6313205889932276
0.02475896922682952,0.2343052461706163,-0.5420418934199258
0.02104336149328434,0.2129022737100941,-0.6011728728385146
0.10757294008688012,0.5154343068036573,-0.5803149007232888
0.1869400477205605,0.8358563218628807,-0.4281484415817949
-0.162600174483432,-0.5308437791706954,-0.8938921101741892
-0.056053301016231516,-0.014846479938127924,-0.769815055721389
-0.1269966156410689,-0.3009870219230487,-0.8860350851218526
0.009993517211031921,0.17342326136010427,-0.5819542905585307
0.07764758552867135,0.44376070774304566,-0.4572927627300316
0.03156887750389736,0.25099518578501945,-0.47631196407775
0.00847170708697087,0.15905185620890686,-0.6001770125309087
-0.008839327412704767,0.10081590322370695,-0.5081080567167073
-0.16769031946266932,-0.5540769837378839,-0.8903703646630963
0.15166962239363113,0.7035587530967063,-0.35586985877375044
0.055059763895353386,0.34304369043662025,-0.6238065755015961
-0.11013479355269085,-0.2897178059178341,-0.7304575956349506
0.07386366640383146,0.4046936171131425,-0.6032605471085051
0.13621810390318334,0.6442151549178691,-0.34548162592547593
-0.042160654552613974,-0.028418935063142307,-0.7205098276830529
0.08339185635067503,0.4425743033040023,-0.601675151285793
0.13389025794949427,0.6195135896027145,-0.44486281616190493
0.09996525140627655,0.4973759544529137,-0.5028718926255935
0.07224705974444312,0.4020800428759615,-0.4507069950945273
0.1292980187811379,0.5997704851552287,-0.6222482897164022
-0.046065129806357574,-0.04883866343432725,-0.547304935493427
0.055549470142378654,0.3384580762096754,-0.4927482868365759
0.18550190506983522,0.7952645442587031,-0.30270591662444946
0.0606458660250222,0.3534153266457415,-0.5853328512971046
-0.0575217087755191,-0.047249221708472254,-0.7563111926096601
0.12175141348183605,0.5758755660007511,-0.40566244596457
-0.0196475792074553,0.0485050252110932,-0.5885214284361235
0.0679125957915514,0.37802304743135523,-0.7975159966467618
0.004695889721682223,0.13962087734196446,-0.5533615007338353
0.04010744265955446,0.2829859714420551,-0.4839049964439631
-0.0013038200643740172,0.14220899219786265,-0.6533831371091425
-0.2150324694752248,-0.563571374433931,-0.9460347694191049
-0.050862116938962476,-0.031561061271274365,-0.7520889387706282
0.03499221048112511,0.2636900921056811,-0.5478324164190973
-0.026023482122718433,0.036724463255876146,-0.6365716242660362
0.057677498650088976,0.34657527005053035,-0.6396460920225642
-0.015489978661616943,0.06405208048033742,-0.6113424340039441
0.05898648432737841,0.35286913422424443,-0.6109087133096136
0.1834029607276617,0.809012152105647,-0.431361276707629
-0.017058304621703546,0.051172675099552985,-0.6670756344118958
-0.056187652220080486,-0.07413767185301338,-0.7187651657103447
0.026562650311829916,0.23523020004672945,-0.6478715221533868
-0.042990173835252055,-0.004796108308466687,-0.6312030948121328
0.07309196930015305,0.41232985835331853,-0.396218427436145
0.11672485344717454,0.5424520896144662,-0.6188871940312182
-0.10542062827019205,-0.32880571824958554,-0.8237081178720028
0.024415218891837398,0.22708014740647608,-0.6249580117962192
0.07416317713026244,0.40550867076838387,-0.6064101336953698
-0.027343223988023024,0.014600283528658902,-0.6172476295146256
-0.0396326748536705,-0.04248955132478034,-0.5714738952697129
0.023717268515790257,0.21896252330164725,-0.3420510080479743
0.035461351057422874,0.2670334680519479,-0.536251166048787
-0.13417820534895497,-0.3571993331132602,-0.8301526927949119
-0.030199553836716353,0.01736752640703775,-0.651251092475158
0.0583210847779112,0.34699772786068384,-0.5642512550164467
0.052716604636858566,0.3309619182789899,-0.5514827754832501
0.007625528206266052,0.17408695347584807,-0.7420265220013662
0.031248424767297278,0.2514461402075426,-0.5250913072106702
0.15670978881307218,0.6939879312640547,-0.3808319640145176
0.033356815650824156,0.25909330050485746,-0.5829312513144571
-0.05039839433412352,-0.09761834091467209,-0.7197955901163965
0.07119029458433879,0.3965700935981421,-0.3938320778064085
-0.07180530459433443,-0.1348850652052807,-0.6523304584761132
0.09679925022994729,0.48470106878593366,-0.479549780739418
0.04718696636764785,0.3112738475542374,-0.5574881242111385
-0.07700268923414932,-0.17743760753417528,-0.7257557395934534
-0.07233370985364485,-0.09795501314551856,-0.8022485933573248
-0.058402549255604064,-0.05637899368736362,-0.7450205692711319
0.011235025235298846,0.18453830609901653,-0.6265874679859101
-0.08017722653272485,-0.17627955920685373,-0.7319200398141819
0.037460984970613787,0.2744893111871549,-0.5932092579448087
0.15564975671634773,0.7250680970022545,-0.27868635957073284
0.05448020210849136,0.3482549460434053,-0.43249603841252815
-0.05173796534595487,-0.08482831399979476,-0.7404724774207427
0.09193164209058491,0.47663548392837346,-0.4737570621990591
0.11168494232411064,0.5365393686910191,-0.35032123165842255
-0.04715158901487271,-0.060542696482125735,-0.6205358438647156
0.060760097046888006,0.3625845578717777,-0.3026392603956609
-0.08630972822676297,-0.22838385306177134,-0.7143962972562048
0.006691424287652348,0.16119937695457165,-0.49421507351600313
0.19300022121044358,0.8338559404122442,-0.35417318704843015
0.05841344852724206,0.3485993679043096,-0.5026979455482201
-0.008986322008651348,0.09719860056068645,-0.47914132531585063
0.26487443939150324,1.0007418465651161,-0.3978324311941135
0.08412966823647561,0.4400776325332829,-0.6087138681721096
-0.0096710469136424,0.11759456591485115,-0.7529896803351294
0.05418937137075042,0.3362566096491484,-0.47435770047515335
0.006803529900243799,0.17029708561154816,-0.7828415315942403
-0.03837867837793796,-0.021955401102534546,-0.48691227465887
0.2682329565617072,1.1031839116529079,-0.25080089356493485
0.05238782538998987,0.33636621748007495,-0.5822493263656907
0.10519895842999216,0.5134767694749053,-0.4721031869643447
-0.07681746095998221,-0.1297634559321616,-0.6782501877962983
0.01588543181243196,0.2005271616469013,-0.6978828958661077
0.088611993394206,0.4521162004163991,-0.5325606833031368
0.10571859962331454,0.5348954770160017,-0.4393356034654661
-0.03822871175688636,0.01776690652769031,-0.7849385378949782
0.018132147232362117,0.2071141056095457,-0.559641791772042
0.013123061839736216,0.17765794053460754,-0.5096952261666223
-0.09407646138742165,-0.20524024129555668,-0.7675965312550882
0.06407703443609791,0.3725525540567297,-0.47197172357132033
0.1276765537488571,0.5868435798344616,-0.47527515819833455
0.10513105308849902,0.5166111382424703,-0.4135984298887465
-0.0826965880616024,-0.18506836427361084,-0.8025611640456396
0.21957982967536904,0.9603480339067609,-0.5317006613287127
0.023297747301861405,0.2174808043767915,-0.5051238698319596
-0.009763122856493056,0.1135575878725023,-0.7198527518968911
0.0579374352179125,0.3467612688190519,-0.5360304917222111
0.015669780555036983,0.2030942923854338,-0.6894691673015056
0.07858353419651531,0.4345945645412435,-0.43998149647439133
-0.027547659232197486,0.03440488259294006,-0.6498435271873324
-0.05798332418956331,-0.07392052118865555,-0.7537765061633817
0.016910447136592177,0.1889314190875732,-0.5104383576637377
0.18195796281809673,0.7947451880059523,-0.426721429441807
-0.09551128904756578,-0.18461329880102617,-0.8390590690529451
-0.023315755039940766,0.03628466494353761,-0.5369620327676662
0.015001534981173181,0.19283373656376296,-0.6622197558065641
0.006824018742816795,0.17357092066333127,-0.6375499668316337
-0.11119666501810321,-0.2393973935767506,-0.7516331139523303
0.0566284634956673,0.34240215404415125,-0.6061723834438416
0.006193379420472045,0.17062214811956564,-0.6049523570798641
0.05657377431714994,0.34647143633145183,-0.42249378282319705
-0.053018740270646125,-0.07118322499589894,-0.7224936291732432
-0.07738030366183757,-0.22261176550592465,-0.6706584870909411
-0.06140329910091491,-0.11900352092366341,-0.6587543155562138
0.01852533225866204,0.2058652376393166,-0.4610729953349513
0.03529753840092287,0.2684688616120576,-0.5479967364595772
-0.026367091178694402,0.022426043058568258,-0.5865347731012611
-0.017263408232684352,0.0874132995598767,-0.6147018585888493
-0.008432236164283013,0.1285379669009283,-0.6144455962500722
0.07914934086969305,0.4292166927258115,-0.4122385537083021
0.044067581279846335,0.2972918205720266,-0.5977409114115301
-0.0027008450579366627,0.13203918943027382,-0.5869976219492744
0.013217161491465124,0.1941564527741775,-0.7337678060810675
0.022246838904424138,0.22002733901460164,-0.7142621202252952
-0.08047698254820468,-0.14681088356882177,-0.6858673273817287
0.04977220377882996,0.319822586750654,-0.5290984315942806
-0.13485137872773345,-0.28647862920294276,-0.8645232799273488
0.0030381518118074435,0.1600358880967935,-0.6800166477827205
0.07181350396175956,0.40488738408713965,-0.3923455087957137
0.07104156580005205,0.39290099707823706,-0.4132804560290435
0.03789328968576622,0.27528209737018045,-0.5911876510091381
0.09315047871864146,0.4945610180963356,-0.6143721103501596
0.07189983720110171,0.39334983389134553,-0.6522735827028135
-0.03702672402241369,0.002655345019074407,-0.5469862848188218
-0.05492816266134082,-0.07193236685726503,-0.5921424408064926
0.03287384743006294,0.25546025813670614,-0.5313110771203038
0.062434735982502154,0.3689097714823808,-0.3553676335286913
0.1294528653564242,0.6093226717652804,-0.4038361329416439
-0.011287013265611656,0.09908286604587195,-0.6504067618734577
-0.009297325971341475,0.0956942007671754,-0.5789600445346135
0.1358998365234716,0.6270510445681726,-0.480683627064728
-0.055942103520268294,-0.05225060481401821,-0.6654211420525211
0.009021443615820024,0.16511409554141035,-0.6300023546104085
0.0285308028373521,0.24982972643420778,-0.6170154459809206
0.16725175233710043,0.7278747898866773,-0.3897752631347964
-0.04068784705988859,-0.00018228878770926534,-0.6649460219254214
-0.012129231664383955,0.0832167640506092,-0.6566303988683739
-0.02743501343585586,0.030951182732962875,-0.5601384563155085
0.00466524373430266,0.154753682343148,-0.4703068351812293
0.0944789180017791,0.47986990976676247,-0.5734385956009658
0.19235175196802778,0.865064917042774,-0.3206804796769378
-0.014695948787280866,0.08002762100523263,-0.7191557803824005
-0.03691155606400187,-0.008649774945330478,-0.5861598580067342
0.04397754413360988,0.29676368921457447,-0.5477964301774312
0.07974093733515542,0.4364244553244966,-0.6190492108076006
-0.06185834758471198,-0.04955574670196172,-0.7314944509734085
-0.005749181603397324,0.09551697170724509,-0.6751190817028971
0.12229591766536152,0.5807364307624195,-0.3162480393885472
0.18226753713330157,0.8062488545726949,-0.3356006352790518
0.20440879265783263,0.9021474795376846,-0.36143426268048984
0.004028285401029397,0.14798123138844346,-0.4907787771731066
-0.12233519595227982,-0.35661271407765666,-0.8200113401446465
0.12592878230100424,0.5639027337635489,-0.5677605013529714
-0.04438145875838806,-0.006501323581727536,-0.6670105877187386
0.17420202597144008,0.7477460384681675,-0.6243597679299433
0.08040332085261603,0.424093254888311,-0.524128935534045
0.1767706702679448,0.7822980582961059,-0.26513886250244767
-0.08890021451479468,-0.19404726694925303,-0.7310800025661903
0.05492745792515841,0.33701024420773495,-0.6326060826442287
-0.027539423162090126,0.038221236560183405,-0.4615771825704795
0.11593762460517731,0.5561590778504019,-0.4447767802017143
-0.06137987887992069,-0.11809638124626395,-0.7233278260712688
0.1795065079231537,0.8010421409765193,-0.25261141464606907
0.13065892046418548,0.6073547338704376,-0.4953064857408127
-0.04495356635280123,-0.029477372270652172,-0.6359005428155731
0.02277478496698726,0.21756484509486096,-0.5450881289050608
0.05370399795748093,0.3346533656554527,-0.42768892393804514
-0.041496774677102444,-0.005631019739226089,-0.6768742771610542
0.17405639818151575,0.7757753385405203,-0.32550205003644506
0.046927255192907635,0.3087982413448801,-0.5004871107040958
-0.07674856754842274,-0.1628707502878619,-0.6976776242516631
0.15143911201239169,0.6537433149333235,-0.5175191581173224
0.03386527389840266,0.26077701751348953,-0.5421621056212882
-0.04113421889805291,0.03272914063475168,-0.6832982864564761
0.06920396975937293,0.3944632331358845,-0.5749804176044637
0.007935078063630696,0.16711826371747138,-0.6467910731920599
0.010388445523242362,0.16474205822935442,-0.4685893744587559
0.07480845844728945,0.4337842421175314,-0.29799230680233124
-0.017507794269426835,0.0745743756349441,-0.7311442108373647
-0.1550895039064063,-0.5059565014523759,-0.8696771772693304
0.12235818829362533,0.5699408111981524,-0.6028606632800644
-0.047977692542320316,0.002645814904142634,-0.7131443952934551
0.062401301141728815,0.3677216543403645,-0.6143498672537411
0.051838298175106656,0.32796982916654976,-0.4891438506877531
-0.005479046902983176,0.13281053006346202,-0.559488642214269
0.005624600386430867,0.17964556060408002,-0.7264582486883452
0.2346855377503776,0.9932644764378968,-0.2950536337464643
0.08572409596320063,0.4642110003502973,-0.407998088579854
-0.039817123248742314,-0.03748457467758328,-0.7418519938769172
-0.09323280900462483,-0.24596647075414943,-0.7564697123570804
0.058739716744328874,0.3584918499386915,-0.4609725204489974
0.16656117985009722,0.7203468634529719,-0.4665416157351314
-0.05520514171015434,-0.07252072623016445,-0.8335002058616288
0.3349985359419516,1.285468425563423,-0.27508787667442125
0.20209225596536307,0.7948372562092845,-0.4542836932116594
-0.06788247520363355,-0.11637974654517236,-0.7504001950667458
0.12457121568436147,0.5984810763682473,-0.3726147785101781
0.10639746381406145,0.5248132537772414,-0.5045162384248569
-0.06001948568455151,-0.11549009959643643,-0.7825773253847101
0.07805465237927667,0.4253341161653479,-0.2977667287965632
0.21051226161799197,0.927700499064126,-0.34351205463236734
0.22406677538013375,0.938665656713429,-0.2570174083929947
-0.2264887642009792,-0.7201597149952895,-0.9330988321324423
-0.13366399337384816,-0.3638174968765418,-0.7910918155005385
0.027334688928615236,0.23699650056120508,-0.5151662518695953
-0.048819208220663546,-0.021890693529754986,-0.7167046499811255
-0.009528956187746962,0.09145833470572955,-0.5782593350698064
0.036403842892856364,0.27039202400328366,-0.652053773397258
0.1209833694030189,0.5839736903266002,-0.5416862527070642
0.09500147894559041,0.4907982591948661,-0.5382296856045004
0.1255301642762494,0.6181265481057671,-0.38753655425170663
-0.060458527196318945,-0.07997155452715014,-0.7821624015574451
0.1262183522483673,0.5880770286103582,-0.50234105248539
0.07288137924179994,0.4061775022339953,-0.4647947138736961
0.0770139280783455,0.4076562090101559,-0.47272350104871796
-0.0768514211253416,-0.14504849960257915,-0.7183372382237901
-0.0032926416364496003,0.1351534959914444,-0.6223899791808418
0.038565604857559777,0.28042622262689426,-0.5078420109856068
-0.07608590514305102,-0.1154166222879076,-0.7772928334139608
0.05912517378018123,0.35791955078428445,-0.4143529759708815
-0.1337488873654381,-0.3735620294934943,-0.8081305910307585
0.003365875924346895,0.13899500497095854,-0.4853304356907523
-0.034002052653011705,0.007010818499743008,-0.5849147432689461
0.0584990778204193,0.3511048290835911,-0.4274089304629124
-0.002404680118741287,0.13052083922444088,-0.6178596347757386
0.06178852755208997,0.36573753690537525,-0.41884327549871647
-0.134992661298746,-0.3605992185538428,-0.8671414234052834
0.045221195113881674,0.3033903261825619,-0.5867838180971969
0.16533076579560535,0.7568400825740923,-0.4138429045117552
-0.028423581032177125,0.03108339617549983,-0.6166191033565911
0.02160187774393485,0.21502450486156804,-0.5163423193869803
-0.13279896506816524,-0.41137815747375045,-0.8518445194045476
-0.10127164650266529,-0.2835277444359991,-0.7125830031141722
-0.16180334884665015,-0.4496798456641757,-0.86605591035808
